path	kind	bytes	lines	sha256
README.md	document	3085	45	f1361cb7db879d06f306f82cab9771e83021dafd347be6fbee445bf15d9d841d
ROOT_docs/CONCORD_IP_NEUTRALIZATION_LEDGER.md	document	7017	155	67f3e72633fe8c4c32287fb95f2f5e6c1c33af36890e392fa2985a9a083d7955
ROOT_docs/DEVELOPMENT_HISTORY.md	document	39529	389	90fe9c173cc06228d8e7bfc9b50c34eb006b36040089629b1990a18a7cfdfdd7
ROOT_docs/DOCUMENTATION_STANDARDS.md	document	5530	128	f0e4501c140c9c1446429775348e87ac65d328120798a3212538d1079bbf4b8f
ROOT_docs/LEGACY_MILESTONE_SOURCE_MAP.md	document	5759	111	15ea0310085faba33fb10f970142176627da13ddd7881543e6615e46b7f08d9b
ROOT_docs/MASTER_DEVELOPMENT_PLAN.md	document	17325	236	81080e9ca83309b8156ae290fefd71bec159c35e2a88291d9ec5644753105888
ROOT_docs/MASTER_GOVERNANCE_REVISION_II.md	document	12753	128	f79e11b8c7b8f8936325911a7851c3db696da15bfb499a7c9b35c2c9a6a89fa8
ROOT_docs/MILESTONE_00_GOVERNANCE_PACKAGE_AND_INDEX.md	document	18767	252	9ed0ee9337ac0b95832b0576acd34918e2ffc0efc7f889e9c2b71903e2f86238
ROOT_docs/MILESTONE_01_ASSET_SEMANTICS_AND_CONTENT_PROMOTION.md	document	27014	643	1ed804243ce1f90c15d547fc874e346cc6e4543f897fd34ca117d4305c50a514
ROOT_docs/MILESTONE_02_UI_EXAMINATION_INFOPEDIA_AND_PLAYER_READABILITY.md	document	48179	680	d362c7da5a93f34826abc3afdfef57b14043a3198a56aaa7994dcc22fe755d12
ROOT_docs/MILESTONE_03_PRODUCTION_KNOWLEDGE_SKILLS_AND_ITEM_QUALITY.md	document	23622	568	580cdd40b46dc6111f0221306c8104f14c01fd225bb25c5b8cb58530046d9922
ROOT_docs/MILESTONE_04_POPULATION_PROVENANCE_ECONOMY_AND_FACTION_MARKETS.md	document	49429	1035	dd08529dc785d017c19f2f06dc0806bcca05843e9bfe016fb8897f391480a8c3
ROOT_docs/MILESTONE_05_CONSTRUCTION_BLUEPRINTS_OWNERSHIP_AND_PLAYER_FACTION_PARITY.md	document	21082	488	93b22af65c0e689145c43e5e7423289a7419722f5ff9846a45241d1b040e017d
ROOT_docs/MILESTONE_06_VEHICLES_STRUCTURAL_SCALE_AND_STRATEGIC_POWER.md	document	37523	910	b388ba340e12088e4cd63a914026b721109e2c0596c569e89214f63a3856d42d
ROOT_docs/MILESTONE_07_AGES_OF_CONTROL_SCHEMES_AND_QUEST_LIFECYCLES.md	document	42799	581	758d7572aaca9cff4ace7aa553d904a9d8832f256215fafa25f707e6ccf1f7be
ROOT_docs/MILESTONE_08_MEDICAL_CYBERNETICS_NARCOTICS_AND_BODY_SYSTEMS.md	document	23961	643	4ba0eb3e2fed941972250d16df305a37be3450cbef9ac706ec69519889b8a2df
ROOT_docs/MILESTONE_09_WORLDGEN_DISTRICTS_ROOMS_AND_FACILITY_STAMPS.md	document	33700	951	509fb5c5bed659600400a6b1f2d4580c3d62f9d9cd3313b960f05c06337c4003
ROOT_docs/MILESTONE_10_PERSISTENCE_SAVE_SCHEMA_MIGRATION_AND_BACKUPS.md	document	19893	477	20820bf2a6081966f43a412e49eab3be8ef9cb3564b275b0b55b089d5c29f20d
ROOT_docs/MILESTONE_EXAMINATION_AND_INFOPEDIA_SYSTEMS.md	document	16671	315	7063d7f4edb2f4c02efe1dcc4ae30aa89405a887fa90fccea702b317fc76c825
ROOT_docs/MILESTONE_INDEX.md	document	16743	398	b37e8491e4a6f1e7ecebf220b4daa0bb36476cbfbb322319e22e2c923caed148
ROOT_docs/MILESTONE_KNOWLEDGE_SKILLS_MEDICAL_AND_FABRICATION_SYSTEMS.md	document	21832	444	141bdf5656ee8af92101b431c6b5b5d787ad384a232bfa31e0edf1e950e7ff12
ROOT_docs/MILESTONE_PARITY_BLUEPRINTS_AND_FACTION_MARKETS.md	document	16820	323	046444f1153b874367738f4684b9fbdcd8c5cfe7579b0a7127943886bba93f43
ROOT_docs/MILESTONE_ROADMAP_REORGANIZATION_AND_PHASE_ALIGNMENT.md	document	10128	280	edff87d96fa53febd5780da013ada8c8b72019e3aa3705b0892d15bbc7130d33
ROOT_docs/MILESTONE_SUPPLEMENT_ILLICIT_NARCOTICS_FACTION_PRODUCTION.md	document	9075	191	a35f99c5b58a519c336228b858b4ac278bef672d35cb0da2e6ed7ac6b3e53bed
ROOT_docs/MILESTONE_SUPPLEMENT_NOBLE_LUXURY_NARCOTICS_AND_DRAUGHT_TRADE.md	document	11128	198	437bfbe9d3d80c239f9641de7ada045062e23e76339c02db6e4891fa8d9edaee
ROOT_docs/MILESTONE_WORLD_CONTENT_AND_PET_SYSTEMS.md	document	14347	263	cf192d0ff375d7e843783191b6de4770b731bd8c4a42ea28d86165e2d94be6ee
ROOT_docs/PROJECT_MILESTONES.json	data	4028	84	180d748e7ad1d8395948ba465b58771fea7f26fdfa331e66b48fcbbb627dc836
ROOT_docs/STAGED_ASSET_INTEGRATION_PLAN.md	document	24141	370	7a6d5f87b04f1fe1f6ca6f9cef0be01814ca6b00f1fa0aeb7105083d6bf8f4e4
ROOT_docs/STANDARDS_AND_PRACTICES.md	document	18344	131	90891221b34a1bd9971982a22d71b24f0da4eb6df8c709f27456e78dcd7abf3e
ROOT_docs/briefings/NEW_CONVERSATION_BRIEFING_IP_NEUTRALIZATION_REBASE.md	document	13011	328	e5d43d470d1d6508e774dcebf5d80e4cadbeb7aa25138a0a8db280be1aad4b13
ROOT_docs/deferred/INSTALLER_AND_SECURITY_DEFERRED.md	document	843	15	72b3c9e9a3be64abb68b070b2c8429120b2aed3ea15f7c9e4e0c239c3f876bf6
ROOT_docs/functionmap/Function_Ownership_Ledger.md	document	11392	124	98a1528bf4fbfa2beb18b1e92c1ad1a041714d6ffe3c80ee2a2be0c8b6045a39
ROOT_docs/functionmap/Initial_Function_Map_Audit.md	document	8142	130	38ca1e22d5d68e520080e6e5a983e72af5da83e352e87073a5b7ac47494968f1
ROOT_docs/functionmap/Legacy_Panel_Retargeting_Plan.md	document	2651	52	dd3d93f4cfef7f05dfcbe6069502fedf929b83ded11c31ea5d952cf4a90f6959
ROOT_docs/functionmap/Mermaid_Code_Map_Master.md	document	22030	206	fe82abc6f77e758c14df4fb226113aba39597de8cb1adbeba376d7a57abca58a
ROOT_docs/functionmap/Operations_Testing_Ledger.md	document	3374	71	77b929004658cde276f1ba07aeada2b3e9fb965537a0524ceae410cc36d55603
ROOT_docs/functionmap/Oversized_Module_Split_Ledger.md	document	4749	66	3c187e2f5827b7efd3926fcf2c723e3ac8532fbdb23636f97e65d513aa18e394
ROOT_docs/functionmap/Worldgen_Manager_Extraction_Ledger.md	document	3566	57	43a97f794d64006181562a19654ca7c6d60d8a30fe9524bdd2d13629b1059831
ROOT_docs/functionmap/generated/CLASS_MAP.tsv	data	189735	1170	2fb205f5f1f8d856d0f8cf3ea446a80d2a52d091e79be391117be6e516bb1e1c
ROOT_docs/functionmap/generated/CODE_MERMAID_EVALUATION.tsv	data	2040	12	fdbf1e2b0ad8f9fab7cc13d68f2fc7c24b1126fa943d666145df9c343444c986
ROOT_docs/functionmap/generated/CODE_MERMAID_POSITION_LEDGER.tsv	data	83804	392	a2cd7301c699f3b29a7a28d99e02b374c37f11c1ccca12699a5de2bc5011eba4
ROOT_docs/functionmap/generated/DOCUMENT_INVENTORY.tsv	data	11091	46	e0bf95c6f6997845eefba31a37c272dd962bc6b963d39b4fd7505fba358dc3d3
ROOT_docs/functionmap/generated/DOC_RETIREMENT_CANDIDATES.tsv	data	154	2	420d6de576b245620c855df25e6e9f9cda452bc15df55c827f46770765d1ca55
ROOT_docs/functionmap/generated/DUPLICATE_FUNCTION_NAMES.tsv	data	110208	484	0b539d458694e1e5cdf9735d1bd388ba0d7ffd2dec496cf9c1869e9ff846d187
ROOT_docs/functionmap/generated/FILE_INVENTORY.tsv	data	59204	474	d10f87cc4337c9e6c8981f8d60b7d482a6eaa89fabc0e3b7949f4ec38599ae75
ROOT_docs/functionmap/generated/FUNCTION_MAP.tsv	data	1634611	6057	c44ef75940f163d18f5c4528f9e05a81178030bfe0c62065309f78fcb5bb2699
ROOT_docs/functionmap/generated/LEGACY_PANEL_REFERENCE_LEDGER.tsv	data	458877	2328	59e4acd27aa2183e1463cbbdca9d6366acd89dce142ca848e95894e2a84903b1
ROOT_docs/functionmap/generated/LEGACY_PANEL_REFERENCE_SUMMARY.md	document	2892	89	fbc854237ac7a8d952e349fe1c9cec521ec773345d9ee8c998852106c799b96d
ROOT_docs/functionmap/generated/MERMAID_CODE_MAP.md	document	20880	164	42f615888d784ca727f13199009623728e4bddc95f16c65591ec014441f59eec
ROOT_docs/functionmap/generated/OVERSIZED_OWNERS.tsv	data	797	11	6a6688f573a68b91ff1173b0160d66ab3275a65adfda93b8a39673783144d75b
ROOT_docs/functionmap/generated/SUMMARY.md	document	1764	51	338b084ea3fd7479c88722f09f0bd0e9a57474076029d4bdbedba8a498ed042b
ROOT_docs/import/PHASE_J_GITHUB_IMPORT_PLAN.md	document	497	10	f2bf33e0f0aaef09b19fc5e4726c07b07384cbac1b25a441ffe97359bf8aa922
ROOT_docs/launcher/PHASE_N_GITHUB_LAUNCHER_PLAN.md	document	1664	46	a28cbef5fee179b4c14673f84042b0fc68205054fba860b625554f458dacac26
ROOT_docs/launcher/PHASE_O_LIGHTWEIGHT_INSTALLER_WRAPPER.md	document	2031	80	64651269df23f08e73a01e3ace4bf8a12c0e9a74b6651515a935216d813ca088
ROOT_docs/packaging/PHASE_Z_NATIVE_EXECUTABLE_PIPELINE.md	document	4516	136	14a4e15d239a2c9153a10fb133add6cfe718d3c8382e8f7c5f33070615686917
ROOT_docs/source_art_client_sync.json	data	114520	2575	612e859cdd09448d2575425215cbd5164d6d0d7dc16a5e970e84bca40b2a48a8
ROOT_docs/source_art_client_sync.tsv	data	70605	363	e4f26615fc556c61292edd27c7d7ebcf464eb9df401c311c152f1e2f753c1629
ROOT_docs/ui/PHASE_4_SQUARE_COMMAND_BAR.md	document	1948	49	b7adddd428214f86bc028f0357b5dff5f2b6d7e2d2e6d041540f105746d0b95c
scripts/AUDIT_CONCORD_IP_TERMS_WINDOWS.ps1	script	3714	82	04a3ef2a14466f000cb5ffd495346b037ac51ee689a9b33e4723fd0a476ce733
scripts/BUILD_FUNCTION_MAP.py	script	19390	484	2746dd723747301670fb078016a047e38585b588db8c6a0664891e8843323f7e
scripts/BUILD_LEGACY_PANEL_REFERENCE_LEDGER.py	script	5735	138	296d492c7da8e0c9d092f805a262f0382772583284769aed6b77693931d9e133
scripts/BUILD_MERMAID_CODE_MAP.py	script	20313	367	8a0ad4a1f5630f04d20e9aecc16fb0321d86c926a7ca46410b12930cd42f7f3e
scripts/BUILD_SEMANTIC_TEXT_CANDIDATES.py	script	7678	189	c5f0fd1ed6ba7c48ef9bf1807de4785ef120cec0861dc0c1c5e1fb17688983b3
scripts/COMPILE_SWEEP_WINDOWS.bat	script	574	26	7867170c860e6e66a136dc737b57c514aaf8adada17ae4fa13b8ef0c35653429
scripts/ENSURE_LEGACY_PANEL_LEDGER_IN_SMOKE.py	script	2022	44	408cdfae6a6fa8b19ceb81a9e7b8eee93db7ebfffa781634c102a4df3e6b5123
scripts/EXTRACT_COMPILE_ERRORS_WINDOWS.bat	script	994	35	15ae6273e47be9af302e28feabeba30943c46409ca06f5bf4a05b4990f4468bd
scripts/EXTRACT_GAMEPANEL_SHARDS_TO_SUBSYSTEMS.py	script	14960	328	1ba2d1c6237ac62e70cce6319f6c98655c433f60b7078ee4fbb36878b84042d5
scripts/EXTRACT_SMOKE_COMPILE_ERRORS_WINDOWS.ps1	script	1487	43	b6c92494c8833957ea75c7991875e8976c1627bab875f00550665034a77525a4
scripts/PUBLISH_LATEST_DIAGNOSTIC_INDEX_WINDOWS.ps1	script	2726	66	e26a60ebe81e1d830e7a710f2c534934b2b80982c1cc465c9480921714ed775f
scripts/PURGE_OLD_DIAGNOSTICS_WINDOWS.ps1	script	1516	47	cca1de55776f785aa61e36a146fa66e4acc734512c1a3409a06b2c10e8689161
scripts/REDIRECT_WORLD_GENERATE_TO_ZONE_MANAGER.py	script	2120	60	84ac4ee7d9f7d5fefd22bed9eda805bed4ec8804bbca12dca8ca1cbdc91eeb01
scripts/SMOKE_FUNCTION_COMPILE_DIAGNOSTIC_WINDOWS.ps1	script	6423	150	37f91d025c60bb346ebba23d2bb362b224d320bceebf781d29fcabc08f1d779f
scripts/SMOKE_FUNCTION_MAP_OPERATIONS_WINDOWS.ps1	script	12660	215	11a0b8809ccf802e5948280d020aaaf619427b51018880e42c9a8a54521af37b
scripts/SPLIT_WORLD_GENERATE_PIPELINE.py	script	14196	254	f9379a6d5d6ed3e1acae54191c13d64ef52ab237613bbe57682631cb4b501e56
scripts/__pycache__/EXTRACT_GAMEPANEL_SHARDS_TO_SUBSYSTEMS.cpython-314.pyc	other	24587	751	123adc6d3915220502a4825c6f21be2a04140e19e6784169b6f1b1ab7efb6c27
scripts/package/build-linux-installers.sh	script	12312	263	3e44dbc66660f7e1529ed6ca70699e2ab331bb0623ddd3249c60035317fd56ac
scripts/package/build-windows-installers.cmd	other	746	18	1309aadb298588cb02bd74a99396845acb7abd6dc60d715f7d5d76955ae0c24c
scripts/package/build-windows-installers.ps1	script	17771	199	4fe8fcb0b97a216d59aae25661e00ac1fb808b20a0ac8ae5dbee2062caa14d8a
scripts/package/build-windows-msi.ps1	script	650	21	763dd7aedd39cab1d3d0eb310a8cbdea6e2190768a4fa2d9c8bfddc6aa5b520f
scripts/security/encrypt-obfuscation-mappings.ps1	script	1336	23	2eafe2d60f4f0101a18eabdbd0573571fbca6b4be1be71695d5728d653aace34
scripts/security/encrypt-obfuscation-mappings.sh	script	951	23	0ccea9fbe7a130c1e087adf52f2ef994da300f086e09d257ad37b44b48a06ac4
scripts/security/generate-sensitive-strings.ps1	script	953	14	8584c679f6eb17636fc76c37ce4b6062bfdb17a69ed006abf7f5db325c932873
scripts/security/generate-sensitive-strings.sh	script	673	15	41fe0855bd22dc23a6d088bc94158bac33357eb351e79295d9851181f2deb236
src/mechanist/AbstractDistantZoneSimulation.java	java	6140	140	175e2061fe9ae18b416b3cb3acf9f8763013782df33ec80d67a63e931628876b
src/mechanist/AccessibilityCompatibilityAuthority.java	java	6328	137	9e8903dcd5a544d0b70476bb4691c21fd7c1e2d265a2d693d661f16f549eab3f
src/mechanist/AccessibilityRuntimeOptionsSubsystem.java	java	3681	76	31228cf66568443f3dfc6a524aa2d59b836b73542c8cc6059814dd67f3f79fd1
src/mechanist/AdminCommandDispatcher.java	java	19397	342	71ffeb898020cde89449b0ecf0fdf9e5c67f20703e34497008baaab38773b595
src/mechanist/AdminDeobfuscatorPanel.java	java	11487	257	b7ff1b6e0eca74c6524b22c01aa6d1a96402957ec3546bdb9e4342f25956ed31
src/mechanist/AdminSecurityLogger.java	java	2319	53	1abfd462289fb5e4023d2918e0890ced54271cf778f4f97bde8c4f6f50643432
src/mechanist/AfkSessionWatchdog.java	java	3070	64	5c32384dc76e1ad8b90d6e2d9702e81a51e6741c65765b6b47364b5f16211a9e
src/mechanist/AgeAndWorldTimeAuthority.java	java	5423	111	e0afeb4bf1646468bc8b69c7a72b11b05c60da9eb04315d83d509aa4a0d5731f
src/mechanist/AppIconAuthority.java	java	3619	91	1abef5d4e12ffd9157d2c7c42fc59b695e5438fcf0664e9b8356cb4922c8341e
src/mechanist/ApplicationRuntimeMode.java	java	752	25	35551b14414c53414742177b5d95e9b9cd19b41ff2b5d4f00d2a5f84512323e1
src/mechanist/ArbitesPrecinctFixtureAuthority.java	java	13932	202	eb6199c8c5fc6757fdaf5d362069f70e5ab593fd3d6680be4eb2b53b0d46f846
src/mechanist/ArtPackManager.java	java	14748	360	acf9a676943871920c4ca33fc2fba1f17d599370719e47b0938d72cb70162d19
src/mechanist/AssetIntegrationDisciplineAuthority.java	java	35876	518	8637b721fde62f376b029a822c7717d9f86971b8b8bc53c7f3acd9281a9db9ec
src/mechanist/AssetRegistryHardeningAuthority.java	java	7587	175	f78393a075796a6ed41a2fab2504872329a7052c9f3023a775f7008b7fa7adfd
src/mechanist/AudioRuntimeFramework.java	java	23105	424	76d07a60db462bb11ae277b0aef61aa421f23465e3878f35626c7aed88bc4e56
src/mechanist/AuthoritativeAeadPacketValidator.java	java	5802	111	5ed54b5ae8151c022ec5b5978df5d48af1bc348bbe94351a381d487b6e3b6474
src/mechanist/AuthoritativeWorldGrid.java	java	2139	57	eed49d5e482990f6387a52be431eee5cb26dfac6bb265357aaef96fd64faf16f
src/mechanist/AuthoritativeWorldRuntime.java	java	8992	173	48910a4407604a51312603cd8e0be0c3ee27532038af999f4a0135ed4df0011a
src/mechanist/BarMarketSocialFixtureAuthority.java	java	12329	202	9f132e949b02c8d91e19fc406be76f4644b2a76c5340d7ecc27e9c6995eca376
src/mechanist/BlueprintConstructionAuthority.java	java	17940	299	d016731509b33780ebb32fbc0a13cd981348923478bead8b7321c869d2029624
src/mechanist/BootSurfacePainter.java	java	1570	35	c0c3fc4e33e4c6d108def6ff62676aa6267358cccf535a436593d144dcfc1598
src/mechanist/CharacterIdentityFramework.java	java	35412	430	108f4e37dabfd624de92b31305c8ad273135d1a376dc800bfebf674ae7578b1e
src/mechanist/CharacterNameKeyController.java	java	1538	38	2b4319bda13b54d6bf31bf669586132fb82381ab91674868c297441a9f3d12ca
src/mechanist/CharacterSaveManager.java	java	3999	79	3929e7ddfd308dcda39b00e397e00f29233cbc79771d6e5f8d7a495d6d6be8b8
src/mechanist/CharacterStateRecord.java	java	4142	84	f19e6af733bf259d9fa2c987c79399c0c36f9f90f0ceb66317b03e0ad72c7f5f
src/mechanist/ChatRuntimeAuthority.java	java	15223	322	80a906325c27b1937e483177237e53eb8848aec4c489f5b203d3f39d6f5e0820
src/mechanist/ClientLauncherContext.java	java	8506	203	830953b8860fa9016de4f0df2238a2e520c6d85b22dceae9f5b63623efeac317
src/mechanist/ClientPackageLaunchAuthority.java	java	4123	100	3368850913ef113f8fce9a89bbc3c3587ec70b2a63050a0464f180f9f4855731
src/mechanist/Clothing.java	java	1380	28	20f69c67389ac971ca3c50529ac026291c24586efee4d8889ebb992ff0d9c83a
src/mechanist/CombatRuntimeFramework.java	java	10530	196	6a982c97a8f65118fa937bd3dd8c77b23d3b45e98d9039410763de95ed8ede24
src/mechanist/ConstructionGovernanceAuthority.java	java	19327	300	3d97242421035ce4d553bbaa0d91306cd2cb4731e4d331c38f22ccdaef073e83
src/mechanist/ConstructionPlacementFeedbackAuthority.java	java	3923	97	f5b54090624c3143f224eae42db5105b583ac1989526b4cd3d278eb9b8ec2ad0
src/mechanist/ConstructionValidationInspectionAuthority.java	java	3816	68	8ed35134c174112e298e24f2ad2cf9e26b98366b1aa4746b314c970d0eb78bfa
src/mechanist/ContainerTradeFramework.java	java	70095	802	871f2c1889ada8f07d7f470b4bbac001faa604267927abe757bb97dcc7706596
src/mechanist/ContinuousGridMovementFramework.java	java	16136	387	fc66ac54869292a8958e172fa27b18091d57c9c08eac57ed600e2b5a509bbb48
src/mechanist/ControlReferenceTextSubsystem.java	java	9487	192	5dd5147f6048609d045f77422ac1fc7bd3047e611814dfd0d49e64cd70645175
src/mechanist/CrashDeobfuscatorEngine.java	java	7529	155	9a1b6973aaff311d4b7167191ee93e90457cdccb262a64f38e1afd81c42a646e
src/mechanist/DebugLog.java	java	4909	115	846ae7564b9c26867ba3f8bbe68d59a8809956c8530275551e2d05f411dae0f3
src/mechanist/DefenseBuildSelectionAuthority.java	java	3337	65	adfe8c9c448b521a2a6963ab34867238d3748d6635239d9e0ed02dd30330ba27
src/mechanist/DefenseSemanticIntegration.java	java	16354	223	410baa822b2011a513c3ab47b9fe1e1c493c6b00224a8532c545454ed661ff66
src/mechanist/DisplayDensityAuthority.java	java	6967	132	758cd28a1500535d3dace160124c22a9bdae5f03d155895213c42e1859d838cb
src/mechanist/DisplayScaleOptionsSubsystem.java	java	4110	80	c53233d51562bcd701506f7edd17d8bb928499ff1d0fa41b73cc2e268e18aea7
src/mechanist/DomesticHabFixtureAuthority.java	java	16805	227	f55c7a3b0715c3585e28118c0773bd8dff549a42cc11242547b239040a7dbf84
src/mechanist/DoomRuntimeOptionsSubsystem.java	java	2242	55	18fea432e98c5c0cef2ac47f3a1ca1c300a8f759554c85443555d1a77e2789ac
src/mechanist/DoorType.java	java	3374	44	c3490a8db086a91dfe44ade3892ee3b5a7f4c649214f6b161bf447a27f167beb
src/mechanist/EcclesiarchyTempleApi.java	java	2883	55	d15b1df8b1bcf59883c0dbe0df70aec84f3f9b01e0b09b430262d79a53a84348
src/mechanist/EconomicGenerationBiasAuthority.java	java	17321	247	77e57a94076279e9a61fd3c7ef2ec8cf0c5f6d71c8f2dc56a06e8f2c1548b6b0
src/mechanist/EconomicLocalTopologyMetadataSurfaceAuthority.java	java	20740	323	cc4a5a71e5fc03ed7860fcb1b7254ecad8cfe6204b7d8399160b842fd2b6a980
src/mechanist/EconomicTopologyFramework.java	java	34137	452	91e803f8adda41f3733f76a050ce8cfdec25cc08393014f38610ef3c2e47ddbb
src/mechanist/EconomicTopologyMapIntelBridgeAuthority.java	java	12424	224	f34b1372fbe5ce62259fc675715a91052a25bb6ecb270f10066e0d8f257886b8
src/mechanist/EconomicTopologyPreviewConsumerAuthority.java	java	16690	256	aa2f2a47d7d4944086be1c741e565c2d8631d7ebd6fc4432629117ef1a8d3689
src/mechanist/EconomicTopologyReportingOverlayAuthority.java	java	17632	290	fca5a6ca065a0430e53cd5aa95687c9228b28fec6031e8f3b5d1116a899f5a4b
src/mechanist/EditorEventBus.java	java	2511	48	7b8f28ec55021652b29cd071860f36d4d69bb1936ff320639e02084cf810bcc1
src/mechanist/EditorUndoRedoController.java	java	5307	117	87dd09ab2df73c3f2f1e3025792748f19ee3b7f713a4af25b94db16ad365a3ac
src/mechanist/EngineHotLauncher.java	java	9083	167	3024f7c03b95571d531568ecc132ec7d270f8fbb9d4fdda44db26bf161ac00ab
src/mechanist/EntityInterpolationBuffer.java	java	6774	131	ee6dbea5d626b2e446df7ca1535edbacc285047bef91d83390c82065ad18090d
src/mechanist/EntitySpawnManager.java	java	408	11	5b2d7a678a08f720d2dacd285e06d1758700513b54030b4190db2c5fe8e003da
src/mechanist/EnvironmentSensesFramework.java	java	33568	401	649522e702bc240d96668aedbc00fa90d1df8f24095705d703fc4688530216eb
src/mechanist/EulaConsentAuthority.java	java	5596	67	e90cfdd5276fb177db9dc393e7e18cf1725c7c01e5780fe2b2c8dfa73c944564
src/mechanist/Faction.java	java	2717	64	35af5aca980593dac3b2931f4f83235250b628f1853bf3adc8d435ab23cd8b0e
src/mechanist/FactionContractDisplaySmoke.java	java	1700	34	99aebef4634a299ecf4565f6ba1f1f5bdb5540beb3be2ee07e4dc4e538fb96c7
src/mechanist/FactionInventoryRoutingAuthority.java	java	1907	34	5f26eb61f2cd2ffebe9b0f42f860576e08d85def4f8f3aff15c57c8cd5ae1bd7
src/mechanist/FactionInventoryStockAuthority.java	java	9232	179	4b855f4965b8076bfe607f5e206fe36ad465eedd7e92a12622daf0c01f236d79
src/mechanist/FactionLogisticsExecutionManager.java	java	9409	197	5b9ad24e334b2801d73eb8bd3f97830de41f160880ccf2ff1810f57236923f0e
src/mechanist/FactionPopulationTracker.java	java	1392	35	886cab49e254aad5b90dae8683e5bfe6896fdfced47384b8c1c3aae29f6158ae
src/mechanist/FactionProductionTracker.java	java	2636	67	93de3e9cf63571d2fb5578b96053682fc61f0e6e4dfecce194bab13492569b32
src/mechanist/FactionServicesFramework.java	java	69597	939	3d6fd0cd3422317409a2dc9e547a75817148aaaa408c9ea5873173ae7abf9838
src/mechanist/FactionWideStockTracker.java	java	3107	60	b9ad4f7acda63c5cdedc3b3dc81132b2cc22c11703da3e72d723a9f0d0ed4a4b
src/mechanist/FallbackProfileManagementAuthority.java	java	38879	640	3dd81d65c17bc893b8d750ea76af69fb3983f8360de3f6d0e35e0f050f60ad31
src/mechanist/FirstPerson3DFramework.java	java	54913	1042	c5bafc2b05c6c6f4d029e5fd10c8190b3f4698fddcdb5b6478e84f6979930256
src/mechanist/FixtureInteractionRegistry.java	java	27075	188	5e6b4a26a0a870c62618790c1836a525c3c98a6a27dc302524d9fd8538c15588
src/mechanist/FoodBioProductionFixtureAuthority.java	java	12071	193	4ae0c057150b0afbc82ae4c862c323cf33a5ea306780eb3146dc75b6883f0489
src/mechanist/FramePacingAndStressFramework.java	java	14700	334	2167e1c74069ebb5c7130fb8ce5a6f86c9781186eda9108a49bc8e903fdfa6e0
src/mechanist/FrontageFixtureInteractionAuthority.java	java	10184	179	c42b36d245824a2dbf02c4b4c5d18d28aaa209bb109bbe147047a43f7f4f7c4f
src/mechanist/GameOptionsFramework.java	java	48383	712	3b4fbecef1e17b9944a70ded3e739f14c52acf42e4a5405d100bde5f45e7d370
src/mechanist/GamePanelKeyController.java	java	17439	310	f6e23907cfa1f9a4999963648b971c2d34f06d4f0f986e1972042890cd6600c9
src/mechanist/GameStorageManager.java	java	15248	320	11ade9d5efe64465925954e740ad6eaf3cdc15a61a01e591f71882b7b70d9701
src/mechanist/GameTest.java	java	372	11	6eee471f5f9e91587114c53ea9f0037248f11a235c6b8f18b49866e250f5a7e2
src/mechanist/GamepadControllerSnapshot.java	java	2201	47	732ea7dec77752dad5804753e82cacfcf6564704c0af18c60edd0c752bbd8d4e
src/mechanist/GamepadInputEngine.java	java	6282	133	edd7f07110c6be84c827ec2c77b688d514de9735df65cfa6132cb05f5e628bbe
src/mechanist/GameplayConsoleCommandAuthority.java	java	24030	206	62d75106f4b743a0b239c88dfd027d4f4b3178c8f514d9e441eab08b34a5f270
src/mechanist/GameplayQualityOfLifeAuthority.java	java	9076	151	1be93c5c6924af467ec67734d6c0a921bc554e0d1581f539d784935f24c58b6c
src/mechanist/Gate3PlayerFacingTextSmokeSuite.java	java	973	23	f5c43c2f7a8789b1a272f8141e4363ecd6604bab33d387d039d411f740624978
src/mechanist/Gate3PresentationAuditSmoke.java	java	1697	35	fe41bf6cf0fe49b47306c97e8c3680d318be4299fb283838b3819cda70279892
src/mechanist/GeneratedArtPayloadOptionsSubsystem.java	java	2978	57	11715e9388bd09b1637bdd28d460c0d0fb086161ef9849ecf022a1d131079575
src/mechanist/GenericControllerSchema.java	java	2710	45	0200e1b4505348f6fb9a694818f734d86473cb0f921c9a7c2d8974a1098e5090
src/mechanist/GlyphBinder.java	java	2550	70	c20848290d85fd17dfeea65c459e428aee60ce456eb0dee4eaa657e30096a196
src/mechanist/GuardPdfDefenseFixtureAuthority.java	java	15037	211	58330d45e2bec29f38d581492693650d9fe4d85b0c8b92cfd88bc227ef3c2c3b
src/mechanist/HandshakeHotRestartCoordinator.java	java	7898	109	e5ab1224c232b31ca7cc68e2179c38924d65c5f4589c1de0f48aafc10ed3c436
src/mechanist/HandshakeNetworkFrame.java	java	9047	128	feccb4ec8439b9bf917b00a87d6ae172d91ecf579c4d7d0d82d5aeab7b5b535a
src/mechanist/HostBindingResult.java	java	1754	29	5ce1dea029b7119a5cf27df4d1961e9ef28ac452bcdf0004979f5ffde0908ada
src/mechanist/HybridEncryptionManager.java	java	17601	322	b90dd12785c64531222e21cb2122390e6083b6c8a008a6d253ec7f2a19060aad
src/mechanist/IndustrialForgeFixtureAuthority.java	java	9773	171	cdb6db1c18044362e061c2f414b8b88bf592425b47fea56c8f34a14bc82b59aa
src/mechanist/InfrastructurePromotionRegistry.java	java	62143	1001	8de0e7bbbd894707f4f7d29cabe73c96b2a3528c5b9c56aa50221efb943dec8a
src/mechanist/InputAction.java	java	322	25	b63619d5f7f09e2630fa5d1537a3504b405cc0c1489f0476ca2f9ef8f6df2a37
src/mechanist/InputRegistry.java	java	3421	78	82a68e5c32e040b88378a5d047406091de71fd5be1a3e38b097b6241189d1115
src/mechanist/InputSource.java	java	73	6	53ff481486deaadc3c02e34b9a9ccfa948cceff5fd1530f143287c31872c0022
src/mechanist/InspectableFeatureTable.java	java	6604	48	2b8a1c63e8de025a427621b1bfa108684792b8d47c221179bd54961715583073
src/mechanist/IntegratedLocalMultiplayerHost.java	java	4318	72	e1c6ea807a68cb7b0eaed54426c8e7310f6507746ee7562246a02fbefea2ef9b
src/mechanist/InternalServerSessionAuthority.java	java	2609	63	f7552672515034a18c7f23ce05c41d0d6b2424f31cfd82ded47138cbc2ea6831
src/mechanist/IntroCrawlSurfacePainter.java	java	7472	159	79ec58d5bc6367840f362276364bf75e0c50c19e466173b70e343bcf8cd4be44
src/mechanist/IntrusionDetectionEngine.java	java	15232	275	d9292a44838a01d82f1daee45e8e04a96b12e077430b06bbe5be7393063d5b29
src/mechanist/InventoryPanelKeyController.java	java	1825	45	a3394c6ca9175b28a11ca1b3b500d95d8ece5fd0793d182a6d3b0a1de3f9ad59
src/mechanist/InventoryTransactionGuard.java	java	11179	190	860431ccf4d051b4341f2ab9db3c44f19cb8849941c6d559a4d2c30d5f6c7fa3
src/mechanist/ItemEconomyFramework.java	java	225851	1327	1eafb087a715e6fb150bae200a576a60bfafd0149d2468d6cc4eb71236670676
src/mechanist/ItemSemanticAssetAuthority.java	java	7186	146	5bcd3f7ae8cf3d191f431a4534c78459610c043ba8c53503bd519b214cecdda1
src/mechanist/JvmRuntimeOptionsSubsystem.java	java	4356	88	3a1170ea9417e0bf3e25d9e9c833981d189138a8fcca2ff066ec11fd45885509
src/mechanist/JvmRuntimeProfileAuthority.java	java	16190	321	7af9dc22615adb648c796799bc741a95aa503c678cf855ec8a142855a2d60a8e
src/mechanist/KeyEarlyScreenController.java	java	3851	100	bcbe3d73f961f50751ac2b481d124842b11cc7fe9eac065a71fb9e65df3dd4a0
src/mechanist/KeyboardInputBridge.java	java	3490	70	35a41fe457bdac04cfdca55f8efee802921cf0613eb2ac3a88ad2b48131b4e8f
src/mechanist/KnowledgeBranchDefinitions.java	java	27282	338	98406f073ba3a7c0c57e0a07b39198c2f364ba6b40c2e97bf9f155a657a977a5
src/mechanist/KnowledgeMenu.java	java	11687	260	a00b47a14f7ecf8bff6bf2f39fa31c977254debe0ef4160c79c6be5f28ec6350
src/mechanist/KnowledgeNode.java	java	2923	72	50d651524fafe5198685c3a572c9ad95643cdb7702a4e02c372d275b1a5e5fcf
src/mechanist/KnowledgeQualityFramework.java	java	49835	413	c3491bf4c563a24452649965bad7e3c4aecf11be125a37db160a43a7140ebf2c
src/mechanist/KnowledgeTree.java	java	5604	127	b956f38452a1cfc2c63739ba651a3cc69436d62829e14e586e2e7a10aebd0d61
src/mechanist/LabChemicalFixtureAuthority.java	java	11207	184	b2460a23d304577d208154f97700a171ef6bd467155f48ad7bfc62655bd7fe74
src/mechanist/LauncherClientServerRuntimeAuthority.java	java	4908	82	dc32c3b84f4daaf60d7aeffa9bf59809c6792ae0cdcad9eec78b3a6325cf26fe
src/mechanist/LauncherShellStateAuthority.java	java	7749	144	27f70bc366e65a01e95db7ef8d3b9dc135871784f6cae2ad5e5d174052bc865a
src/mechanist/LayerB.java	java	818	24	2236d6ce2eb1deedfdaa6af6cb56d928be1898ee8f1aacbf02163c1d46cea99d
src/mechanist/LayerC.java	java	1454	39	f601bebd3ff3d6072d961216862648f23bf58cdbd2bc462da41f51a06c214042
src/mechanist/LayerD.java	java	7598	147	116487d42750dfb9866a432bec66498a49febf325be5e2f2b48db485515b3ce2
src/mechanist/LayerE.java	java	913	27	27a02b9a49feede1249ed10495b7ea0b3c4ed2f1d0a88cc617f47c38bf6dcc68
src/mechanist/LayerF.java	java	3170	69	0371c9de35ee4c652dbb2b126a7452d6ea59b6cd2ad24495848dca3e6f5b7186
src/mechanist/LayerG.java	java	1887	52	f13e98d0916c6e3af8c48e35fdc50b9255d187c45ccaeb9fa8de604606250686
src/mechanist/LayerH.java	java	1826	46	d3135fd8b451c59cf79fe5339a9f1e9549c88aa5a426f960f43e380b78123039
src/mechanist/LayerI.java	java	2114	60	6fe5ffb7f6e1a249d58d84d3eda2f8eb9f44d91506542d77b5b47da196d6648e
src/mechanist/LayerJ.java	java	1297	41	a54250c309f688d16d49f274ff2a6a8f094b4b0d3319e8fa084b02650db79e3f
src/mechanist/LegacyPanelContext.java	java	16821	319	aedb6d0d53c3da7ae2f7b579eb0d3a7493327b73b4747a05f9a13ef4dd0b46ff
src/mechanist/LegacyPanelContextAdapters.java	java	3917	68	ba93140f14edb6418e22c56fb110e1fac99deedf26340901da19d01b29f86d0f
src/mechanist/LegacyPanelRetargetContexts.java	java	1260	46	5aecd628fb486616cb7a46481e2efb4f0c08763f72145bf9de2f2661392ee62d
src/mechanist/LimitedVendingStockAuthority.java	java	5567	107	72ba8ee714b3ff6a8df53345873f4594e18253079db348706b41651c2f7478ac
src/mechanist/LoadingSurfacePainter.java	java	1345	33	701d6389a0f8bee1b80733c8e449065417b423c44e9d12a4eee934a4030a1d6a
src/mechanist/LocalHostAuthGate.java	java	4278	81	5c3068daba4c020849dd660c30c2cd790dea5b37ba44715dbb9bff215af99ef4
src/mechanist/LocalHostPanels.java	java	7134	134	798ee03caad535c934ae74dbef23ded258c6283a318587a679c3efd031353ba8
src/mechanist/LocalWorldSaveStateSeparator.java	java	6379	96	6803ff1477969a7e001baf0f971f2ccf9f378977465f5fc10e3abbb7c745ce07
src/mechanist/LoginProtectionTracker.java	java	3579	78	4c5b617f161d2a614c3ed2a28e146ee2095e91600c8672b9075b01ef958715b3
src/mechanist/LogisticsContractLifecycleAuthority.java	java	13935	236	d7a068593362b7e0c71a479af62839f74a9ea7378ef09da6725142e82c9138b8
src/mechanist/LogisticsDeliveryIntentAuthority.java	java	9312	172	d5322fff5ee3e211437c83423c591eeb613b991c1eab499b6c59b023ae9c9f4b
src/mechanist/LogisticsHaulFulfillmentPreflightAuthority.java	java	16691	265	027b4039cf10a52aa28fb379c7d4c8b7ecf4f95b8592f179d0014654d8edc395
src/mechanist/LogisticsManualHaulContractAuthority.java	java	13488	220	68ab9e90f5681c056655d3e7254120605945fb7cfe053310b46e89555216ee9a
src/mechanist/LogisticsManualHaulExecutionAuthority.java	java	22774	349	11a89ed3b5c268eca170448f58b09bf355b71fa3f36e10cbd7fc40e83f3e05e4
src/mechanist/LogisticsReservationForecastAuthority.java	java	8994	169	a94c7763b38a82da118c9ffd2bfa8d18db9e24f14bf6c7086e36948eb5c37bed
src/mechanist/LogisticsRouteIntentAuthority.java	java	11895	207	d50ff975c7c2671f26a6a5ed53ada343a3b4d61e0bc8a369b3dc96cd5912fe25
src/mechanist/LogisticsRouteReadinessPreviewAuthority.java	java	12009	195	a13b0ac53ee5491236ea1ccdd560dfa051c0dabb146203c403dbee3cc91da7c7
src/mechanist/LogisticsSourceReservationAuthority.java	java	9384	166	c5fda5ff8346754a2af8a9b477f0f53d5284ef015932a8121858758ab7b43f21
src/mechanist/LogisticsStorageCandidateAuthority.java	java	7707	147	a79d136bbc07787619da887de3b2b08e649b859fcc51b7e3eab216063bd4ec59
src/mechanist/LootDropSystemAuthority.java	java	20139	344	2d8cfb1d75287dd3743dbb3e6fa9d1e9ab924efbadc0c96103a09430b24b0763
src/mechanist/MachineOperationQueue.java	java	13941	339	50e2b27f80be963a8f6daf0494d6df3028f6be57a1dc199e1f452648c0f0cf29
src/mechanist/MachineOperationStatusBridge.java	java	6321	127	8d1c6d025bb882636e6cd0088b0999e6b6f9abad54db944e307d6e13fba85bd6
src/mechanist/MainMenuLanguageSelectorAuthority.java	java	2185	77	478f22d7a0b8d12bf04b560557c97fc6020a3a2e3af89bc825ae0a1ccb5fc9fd
src/mechanist/MainMenuSurfacePainter.java	java	3651	76	7ee3e4381b76bfdd85d9815cb83c38d496595eff583a254d29cd6756a5aaa591
src/mechanist/ManualStaffingAssignmentAuthority.java	java	5915	92	e6cde29857fada9ecc577af00fbab24e0b928be498ea7580579d18cbb7078df0
src/mechanist/MapLayerSurfaceAuthority.java	java	10070	291	995d18d41e2aa5bdc00451bc803b60272385f3cc0681a06daadfaaf13a790f87
src/mechanist/MapViewportOptionsSubsystem.java	java	2290	40	cf96c6bc1435446d302b3a5c367aa25f5d784e607cc4dcfcd5bb13d1a7a14a20
src/mechanist/MapViewportTransformAuthority.java	java	4081	97	1a2b96c88737ce03a6a4e96e7b399bd58cb3d218cb71e7a515f4404e36b52506
src/mechanist/MasterlistAuthenticationClient.java	java	4618	93	ecd98c0e500b9bb0dc0fb26869f504112b0d7a1bf541c3d3fbbef27896a7a982
src/mechanist/MechanistServerMain.java	java	11995	207	0ccaf143804295408dde1d43a8d6f8895f569d80a276266f5444d764936c68b2
src/mechanist/MediaLayerAlpha.java	java	137	9	47fec1a6cc87e4a2da2140d62a2118e0f58c5307f92f787bede62fe561297315
src/mechanist/MediaRuntimeFramework.java	java	34871	553	ab53552c0fb2d90fac90b46087f79b7e1dda53d85e1535a435943460ea0203ef
src/mechanist/MedicaeFixtureAuthority.java	java	9893	176	a6d45e7681802eccfcc41232163943a3ab58a6d46c61062d8cc847cac608f578
src/mechanist/ModContentPayload.java	java	4215	79	7487a8f75f532bfcbec7e7e65071df44310767ff9a4b5ae38b308b30f45ac59a
src/mechanist/ModDataMappingVerifier.java	java	5640	86	6d7d942f3da1111a0f30fc0d877295f3b39f63220867fd13b1a4e3ad0086f156
src/mechanist/ModDeploymentManager.java	java	31687	551	d15b9c5d5529a2345c790e01b21c17278015382ca96ea9c7ec3aa2a2a43ad834
src/mechanist/ModPackageValidator.java	java	12358	254	79b1af119581e37f946a9975186b051545d59c06af91db499c7f5adba0165c82
src/mechanist/MouseEarlyScreenController.java	java	3018	73	a26e8ac412e62d093ff0ac428f7afd07072a9aafb1301050edf6f08a4b2757f4
src/mechanist/MouseGamePanelController.java	java	2673	56	ccabd9c126b1acda2eb8efb643ce5d37e0cd264a567158f390b34c9b7588b64a
src/mechanist/MouseLateUiController.java	java	2412	55	80f91c6e56b1f4ccbfcd1e52bad20e360bf6b8d96b71e50a716f48c792686d96
src/mechanist/MultiplayerConversionWarningDialog.java	java	1964	38	c80db8edeb2b1dad45e79c9f41fbadfe133134de7e15da23b81c9fcb12ae3df7
src/mechanist/MultiplayerHostBindingService.java	java	3625	51	fa2ec9bbf4ff64c9d0e7034ad696d1dd67e6046f78384928a9b3429909b3cbf5
src/mechanist/MultiplayerMenuController.java	java	13221	247	c20bedd3106d47fbb530c40f30b866b94458261601a4dc9fb02fa56d467644ea
src/mechanist/MultiplayerProtocolState.java	java	688	17	96f61a07732dffefe6c70fa9675e23333ac5e1fd834f139a8cfcce72368702eb
src/mechanist/MultiplayerRespawnManager.java	java	2779	49	d06115a21826ac80912cec7b559cdb69ab784a3d588daa6160fa375c6097aaab
src/mechanist/MultiplayerSurfacePainter.java	java	6377	113	9e58826312a907e5824fc34063f4a62a809bc0b4b55d5df20c6e1571602b4d46
src/mechanist/NameLockedProfilePortraitAuthority.java	java	12175	192	421adb9ad66e6978b743637e23f6d9ecebef3706116afc3d1070f9c1494c0d67
src/mechanist/NatTraversalManager.java	java	12754	208	d6eed81ad70e0bd5b6243c4aa6687f2ec269f93ed911fc95f43505bcb9499e04
src/mechanist/NativeTcpRelayServer.java	java	12825	253	d6015d6c825aa58d7fc819a9e2a4b3ab6e2bf17e47696ee2fad69f6edb244111
src/mechanist/NettyResourceSafetyBridge.java	java	2767	59	7df80985b4a9b070320efbf2aa91d5c2d703448ef37df385da976b3bc3999bc3
src/mechanist/NetworkPacketPolicer.java	java	1559	37	cd66515d652b3afebca74876c6874470ccdf0c4d84fa08d344535d356115292d
src/mechanist/NetworkPortAuthority.java	java	5721	119	e6c5853770e4ad6dc235ac17f2527d1f74c71d26388d7e9d8bfd58d563680e2b
src/mechanist/NetworkThrottlingManager.java	java	7414	166	4ecf029a6f7f20620bd795211406d61393aea83ce7a92a4ba33bac2d1da7acc5
src/mechanist/NobleEstateSecurityFixtureAuthority.java	java	12144	179	fb8b5471228729a9717cd1c8631e3746d52ead09842726b4b0903ab76a4d69f3
src/mechanist/NobleEstateSecurityTier.java	java	424	20	5e00391f4219f674346569a79dec71e4a7f0a570378d4f87e3e537f6bad4ec41
src/mechanist/NobleEstateStamp.java	java	924	32	e5364bb26f6ef280e16c57e934df0c2bcf4a28af1f0791c6aa5b44a9232f00ca
src/mechanist/NobleEstateStampGenerator.java	java	1936	56	89714814e7b2a2f27eb0191396fc9ac9480a92201cda443249e8061c4bff83af
src/mechanist/NpcTurnBudgetScheduler.java	java	5436	123	cca3bd26c4fddda80ef20a8a97a538148613d03982b1057377639c2f8f91c064
src/mechanist/ObfuscatedStringTable.java	java	5292	50	c28fbb7932f3c5ab1f9f3c93d87ae6d57b4a96d9887b4dee7b2c7cb45e177930
src/mechanist/ObjectSemanticAssetAuthority.java	java	11750	258	ecf110eaddc07974f44778c93cca4598bd427fa24297158cad250005942a238a
src/mechanist/OperationTargetRegistry.java	java	8203	127	0eec7c9dc8dc6b1832f141cf85f5e72098afd28f913de4b954f2fe6d16567a84
src/mechanist/OptionsDropdownMouseController.java	java	933	23	61e698390d7a8424c992cecf5ea708763600c99162bb3c55122383deb8d27e86
src/mechanist/OptionsScreenPainter.java	java	14490	232	88fdff5954d1361a8800c333bdf06b76ad5b8c064c0a1fd443d663cd5cc37878
src/mechanist/PacketRateLimiter.java	java	1660	50	a4e01ec684e5beef0436792fe6ab4eb556f400e18b6f7e9c56f5d9af8d0bed6f
src/mechanist/PacketSequenceValidator.java	java	4823	90	5a67c20f7514b8ffb539ddb62bd386d7de6470030e4a5db6a0427dd1e378ec5e
src/mechanist/PanelTargetingController.java	java	1292	30	74b2dabc70f304aaa4f8c0a34723c9e6afbb2163e8049f4aa51b5cb3322477b0
src/mechanist/PassiveDefenseEffectsAuthority.java	java	7713	137	40896ae892ee116c4f909a7cfd961241bf1f2011b7ca3ae4484cec8a54926c46
src/mechanist/PerformanceDiagnosticsOverlayAuthority.java	java	5676	125	217aac32b8daad878d1b3347c1c997f3b59685ad9d248f412cd02913de6a539e
src/mechanist/PerlinNoiseAuthority.java	java	3090	79	7fbb4e2dd12263834a09580be31494504f89780740897cc55c382c925458bb6f
src/mechanist/PersistenceFramework.java	java	40003	358	3a4818b91b35d6c21199b1e9660349822d236ce3758605aa33f456979a5dc1f6
src/mechanist/PlayerActionRegistry.java	java	7164	134	adfc5bdc87f4ef4f1a4befbd46d42abe30a0006e5a295d9342b9e7384844f923
src/mechanist/PlayerBehaviorMonitor.java	java	7643	149	1118c88997a21af9143895db7e77598a382df00f6616a3bc1be587ee9734bd9a
src/mechanist/PlayerFacingActionText.java	java	3132	79	abbe52336bd4a99e46256013db7120823cc8fd44619b04d910c6913e6457fc9e
src/mechanist/PlayerFacingActionTextSmoke.java	java	1317	32	a59cd3f16c1d057d7d1bf3b042e968b01c5de5973652eaa9cd1abb5aad8d237e
src/mechanist/PlayerFacingCopySanitizer.java	java	4149	64	86249e9d297f73ccc19880427dbc69ff4c9b16658438dece87436467df11c8c0
src/mechanist/PlayerFacingCopySanitizerSmoke.java	java	1581	30	13166257b3704c423ee7a08405804aee9f5780634af083ff202f93ebc38006e7
src/mechanist/PlayerFacingDenialText.java	java	4104	90	b49d40b57ac3cd76839b8427f3d82c4ff7ffc9d5ddd0633c0b2f2d30b32c605a
src/mechanist/PlayerFacingDenialTextSmoke.java	java	1724	38	4cb3278acfc1126f4ef9ede2c00cb3c98ef6edf007379a417faceb62582903ff
src/mechanist/PlayerFacingEventLogText.java	java	2715	73	51d3007a4c54b0a9bf666d2dce45932a93f5801f44a5a903cbf714965a70b69e
src/mechanist/PlayerFacingEventLogTextSmoke.java	java	1151	29	e03648b6098e57a3ccd2cc93adb2d0bec7b6f7bb15b57e5c8ba4907d523771d5
src/mechanist/PlayerFacingInspectionText.java	java	3012	84	bc0b22828cc96a848a58cd65beeec0f6021ed2eea42732b9ea753b120ad65e40
src/mechanist/PlayerFacingInspectionTextSmoke.java	java	1434	34	d256ac90c52cf72933100f2147f7765eb343527afdfed58fa2f7d761a8f98f24
src/mechanist/PlayerFacingListRowText.java	java	5165	122	a39ec4f9eec99b61180c549cc52cc43a3cf2fd67301ad20c931f4c74c179014a
src/mechanist/PlayerFacingListRowTextSmoke.java	java	1108	29	c6b594a70664ab044a9e21a6e1371ce2d537490f8b6e041ff9e88bfdc2972bd1
src/mechanist/PlayerFacingMenuOptionText.java	java	5078	117	65fdf75b63cf89dd5ab94a355e8cb8f1f1ff78209e1edeab3ffca00b6a0036d4
src/mechanist/PlayerFacingMenuOptionTextSmoke.java	java	1071	27	1941bcf94da6cfc29395bf2522be85d2b9b6f13b0290850415e303240f3a8904
src/mechanist/PlayerFacingPanelBody.java	java	4933	119	741daf3e45e2043ad38d92980c0cf5769dd92dadadca723c184140efa48ac145
src/mechanist/PlayerFacingPanelBodySmoke.java	java	1193	29	39d511007d011e1a891056978a600678d0cd122bed9f5c76c26ac11bd7a8df88
src/mechanist/PlayerFacingText.java	java	2889	79	3f2fd4ffa2719cd32d5eb7b0525882d7b227914fec4b7757133a324814611dec
src/mechanist/PlayerFacingTextWrap.java	java	3338	91	43857c139a8243e7575d02abf45165ed07c0c8496aa4589ffcf773d3400c5f0a
src/mechanist/PlayerFacingTextWrapSmoke.java	java	1206	33	65cda133eb0014daa1016d1a8d5ee4538d6b6197e0f25a5435bec933bef9da0f
src/mechanist/PlayerFacingTooltipText.java	java	2517	66	a6e05746a1297e97c668d49be8e0b22a9d4d7858776483c98c4c50ac931a0e78
src/mechanist/PlayerFacingTooltipTextSmoke.java	java	1169	29	e325c182b14da936bde9d447f503a8fad10c6d56fa850e971f141b9c69165bbb
src/mechanist/PlayerFacingUiText.java	java	7282	162	5a1069840cfc23afe07bb5eedf42db26cb567b7674e43f6630c4e4ffade53705
src/mechanist/PlayerFacingUiTextSmoke.java	java	2172	47	94ce31571f080bda0ad81cdecde7ece4b250f3ac18b17958990df4c7e8440fb2
src/mechanist/PlayerFactionAutonomousTickAuthority.java	java	9301	140	6932bd27b18296e6ebbd1e757d8f4c52350fdac1ee7633f0a609a8afd8e9761f
src/mechanist/PlayerFactionAutonomyAuthority.java	java	8297	155	3a8d2576c46dfda4265f91656bdd4d1c1ab853e473a102f576ad7e936eb41896
src/mechanist/PlayerFactionWorldAuthority.java	java	9061	128	c935d50ea3e14c4147ae0e9d91e1fd86c75f13ac508530675fcb53b77860a0d6
src/mechanist/PlayerIdentity.java	java	2526	53	efcf7725a9b314df4a33bcb8a5137a791368752e32b583fd22646ff5131b3d0b
src/mechanist/PlayerLifecycleService.java	java	3635	67	10e065c9403431b57846a8f71ba7e81389282df0e06e2f92f61052e237f31b17
src/mechanist/PlayerNpcCommandParityAuthority.java	java	10505	174	9de95db5df8e887a653e8dbf7a78a8a91a5f1d28b20729ff68357e71f6877605
src/mechanist/PlayerSessionManager.java	java	3353	54	822b28ba21173f634842c5b2b592be0f44a46d2bd72c846522354675bdf32a0d
src/mechanist/PlayerWorldStateRecord.java	java	990	27	105df2f23a9c8099839d96572a72a87dd043831caf74dab571f807a057ae0c20
src/mechanist/PopulationPersonnelFramework.java	java	82504	1262	15849f461860edac2e489fdde4aac13add859bb8e400048c6151a3ea61bbeaae
src/mechanist/PortraitSemanticAssetAuthority.java	java	11380	231	63bcaef5ab3f67e35a67d937ecc5fc6b094c991be26284dadfa54972322b2817
src/mechanist/PredictedLocalController.java	java	6671	124	dce90affa45ad9c62c683460c5b1dca04716b076d065772a51172cc37c0a57b2
src/mechanist/PriceIndexControlAuthority.java	java	2554	59	5104f83e73a0a456d8bfaeeb7ab5f439eff2acecec51b946912ff1ef54d4af6d
src/mechanist/ProGuardMapParser.java	java	13130	272	65cc6c2cca6dad1c296b1fa45741a10ea95670e9e2c73f5e93ba73cbb7a91a97
src/mechanist/ProductionAuthorityFramework.java	java	344937	3105	4b8d71ab936c64551b73a973df88cd01d6a02cd01869f6610a80ceacea1b40ea
src/mechanist/ProductionQueueRecordBridge.java	java	6014	88	071b9eccf0c9823231a34ac622ef642fef231161081e4b9a3f378ff1bc799f7f
src/mechanist/ProgressiveConstructionAuthority.java	java	12154	220	af32eb6bc5b0e1af64c1acea49549462e097f6cc2f0f17e42dc9e8813560c919
src/mechanist/ProjectReevaluationAuthority.java	java	7982	73	2be0bdab221dcd0435bab6507ca1e609620c3824878fd4b85cb90862a8fcbfa3
src/mechanist/PublicServiceMediaAuthority.java	java	10653	180	98b0c605c45af5d129a4e8458aa3de0fd8bac686b33a0ee9c2c17389bd586a08
src/mechanist/ReflectiveNettyBindingService.java	java	3313	63	e9890899ca4b83404e16d18e689fda09e800cd42cec4c8938148a5a926d883f9
src/mechanist/RenderScalingCrtAuthority.java	java	8110	196	857a4a47dc971d2d74d9426b3f68b8954ee73ce6877da4b5f0ab7532495bbb30
src/mechanist/RetargetReadinessAuditAuthority.java	java	13195	212	94f0e5d5e98b756833b36e5b0f719c2795c106af8e4e20ab6239e9efde809133
src/mechanist/RoadAdjacencyIntegrationAuthority.java	java	11408	250	52c477a8dae91c98e6eb857a1233880ce23a647abf003a8300897d2d367641f0
src/mechanist/RoadFrontageFixtureAuthority.java	java	12861	231	ca2092e17e8fcf7f145655f52861a7626f1bfa1b1920dcfe9e57ef290816e15e
src/mechanist/RoadGridIntegrationAuthority.java	java	9584	203	84c30dee53c6758c0501dd3bb175362e1f954c8b28b9f6c854e3f9cef337896e
src/mechanist/RoadTransitFixtureAuthority.java	java	13602	184	16397af95bffb13c7837058a36cdb30c072698ba103e789a8042ea8ad1619e34
src/mechanist/RoadTransitFixtureInteractionAuthority.java	java	1032	24	31ecbd4663612c0a044a5c815bed2c2791df243ddd996307227e19f4326f91a6
src/mechanist/RoomFixtureInteractionAuthority.java	java	24036	313	eb63e1354dd6fdb45ee41b6e7122b77b7ac017593c223d547fdaa152f55be1fa
src/mechanist/RoomGenerationManager.java	java	404	11	b7f0b85aaa8c7f8347c233b5aabdd837e277dc13851d21f974502684dafcca97
src/mechanist/RoomManifestApi.java	java	29492	189	07a30b1e276a0410b7e88c278a7d996acfac185793113b15a824554e8dd94f45
src/mechanist/RoomProfile.java	java	48117	335	32174c826bc7b55e982af636c987337c146f4d7434d639d1f099c80dd58c6632
src/mechanist/RuntimePathResolver.java	java	4855	122	8f98a4634ba2a8e450d79ab1b3fe327cf51eb95b8d0068d8f622e504165f242a
src/mechanist/RuntimeProfile.java	java	5857	115	2ddfd7f1afc240e0342a9cdb81d8d2db846a2d2e7985919e00f7af29ba1b1199
src/mechanist/RuntimeSeparationAuthority.java	java	2824	54	1f3e2dfa251d8941419db4adc2207027246e1aac4aaa590642853953075cb88e
src/mechanist/SaveEfficiencyAuthority.java	java	28803	482	881d3276a7e896828a18b0bb008dbba53e8c7ad6bc453a740c9f24866781d0d4
src/mechanist/ScreenPainter.java	java	216	10	19896c5048005b64582c62b796bf3654ca721e2c09d941ce154f261584f04a6d
src/mechanist/SectorAuditRuntimeAuthority.java	java	10491	195	3c49337c0b6a3237f37500ea49cce66ad3051e112f297899f585c3879ca12223
src/mechanist/SectorGenerationTraceAuthority.java	java	6822	163	5bb469b3322975aa37e767b60585639aaac301074cd6b29846f75e2cecbdc6d0
src/mechanist/SectorManager.java	java	25833	609	d1fd35153517701b472c1171d08bdfa93eedc010fa01c5da7a0c9b4f16a7e312
src/mechanist/SecureChatPacket.java	java	5938	132	9f6b1dda3c3ccb49fc8203cddb69d817b7ca0e7353e62c2d47f8b8ddc05d78e7
src/mechanist/SecureHandshakeStateMachine.java	java	15078	292	c731ff1b0994cb1b1551ffeed7b911a1f61812aefc0ed529fff919ff97450b62
src/mechanist/SecureLocalSaveValidationManager.java	java	3474	72	6f1507143cde90c40af594a2da1b3515b771a2eb1852088e7479e5c42ba05420
src/mechanist/SecureModClassLoader.java	java	5771	142	02b8b24774b08a5c6a6d08a755728e1873a7a0ab78b9ad6dc396b6586fcd13a7
src/mechanist/SecureServerNetworkingCore.java	java	4735	71	2cd468671a1c4918f33c98a3a09afe6a873ea5db2c342bc1f79dfa5fbab2989c
src/mechanist/SecurityPathGuard.java	java	1942	43	1d7103d5e18a30a11493a107404d2244e67ab84e50dfea0d32fc8a6495efcd74
src/mechanist/SelfEntombmentConstructionAuthority.java	java	6302	120	b252d06aa3511bf23e85e3a6ee0a4aec47e869eba70507ad281584f7f361d297
src/mechanist/SemanticAssetInfopediaAuthority.java	java	6831	140	5ce7f463e2138b951295311d9643453c6ea1df13f010bbd87eacc1fe5d2ca570
src/mechanist/SemanticTextManager.java	java	7532	180	cca059d90314c6f0fdc56617a92317e61ef0f389fc3b6664ef012bfa3851d412
src/mechanist/ServerAdminEntryBridge.java	java	4006	81	c67aa1670436dd3717e65c24514275f3e94d25f6ff0af01229c4d28813593d22
src/mechanist/ServerConfig.java	java	4109	86	66a182ed8a317ee8f54b4c3df3ecba0cf9411e2213c661d1bf35cc4c5cde4c0f
src/mechanist/ServerDisasterRecoveryEngine.java	java	10022	178	f2cb69c50e175e2628d962a0e0c2fb4c455c41045b28a76455962a4c5cd3f23c
src/mechanist/ServerPerformanceMonitor.java	java	3274	75	a918482e16d3ea666d98620701210760825090240ea2728caf63acc7c73847b6
src/mechanist/ServerRuntimePaths.java	java	3149	72	77df54fc3e7889801b8ea22457ce169b972caa4440755aded8db0fad5aead838
src/mechanist/SimpleJson.java	java	3530	73	a3ead49557be99898c956f27acf6c146c0e4beae85e50a3bf126e19446006ff9
src/mechanist/SimulationEditorRepository.java	java	14920	251	08ed77d692583823b1327c3690037759191b56b3efb8600ceaa3367aa4cff21c
src/mechanist/SimulationEditorSuite.java	java	45909	824	b4546938381fc925a19b5313321d45165045fa427359c3e300f2dccfaaaa8e3a
src/mechanist/SinglePlayerSectorRuntimeBridge.java	java	16466	305	96d4f068a64cbc91cb5eb766c778dc7f533087a5b48bf9762d3098ba9ad5dc33
src/mechanist/SnapshotDeltaCompressor.java	java	16774	294	746f2f3a65592739729457bd072eee747cce7cc850baa6597b0b23bbbf0b4f92
src/mechanist/SpawnPlacementResolver.java	java	2389	40	505960bc646dcdfbf84d75fb9d953f05dc3fcb14622f5df92e179d7aa0190f2f
src/mechanist/StackTraceDeobfuscator.java	java	7362	131	7b2a08e42a44be85a18595ed20b4169b291c9d6972c5cfe2eaf25074846d913a
src/mechanist/StaffingLaborBridgeAuthority.java	java	7278	147	2c1ac73f10b16a86a836148929780b5700ef0ef51121601bc311ede26f95455b
src/mechanist/StaffingRoleSkillValidationAuthority.java	java	6882	138	381da9187a453867ebc843e402325184311c1174a48e05c477547c981fed755b
src/mechanist/StampedModuleSpec.java	java	1031	22	463ffb8cfe02fb0665a67479a9d0f294af4502e1bb8b823b510c221af26453f2
src/mechanist/StampedRoomSpec.java	java	1154	26	22b8c48fc38f83a4fdb1a32e6c8ef6a5b2ae1a6f940933b7260241e60591d31a
src/mechanist/SteamNetworkingBridge.java	java	5365	106	a84ed127bc7be4164db38038894c8f4a21fa60105e4ffa560e0d4d6ffac6777d
src/mechanist/SystemdSocketActivationBridge.java	java	1325	23	c510ab867daf83faa1dc9c087bf516695521157b6bf7d0f6f94925597fca7cbe
src/mechanist/TheMechanist.java	java	2439	47	d6c9e56bcddeb2f5df9e63313af7e5cd2b2a1bf4129075c9af2164aa785236b5
src/mechanist/TheMechanistServer.java	java	4005	96	daad27911cbdfade9b012c2cf0c77102e046f6b7615a6faa99c706205ab91d31
src/mechanist/TileArtSystem.java	java	4705	123	7004661dc9bb0839a5c3cc5bc77e45d40cc4ca98b5ca59200669566e9436389f
src/mechanist/TileDataCompilationAuthority.java	java	29106	603	05dd456c2603835a5fb20392a0e5730db247c79209e16f16e4f9b3f30bf82e6e
src/mechanist/TileGenerationManager.java	java	886	18	acc2110c4c75e63d9fa2c88d731783918e7bbdb83af7ebd8bfa90d59b77f4d72
src/mechanist/TileImageRegistry.java	java	6413	139	3beb06bac5ee98ab288c02069c075c8c7c0fb5ba0f9c6b3cb45732ac56fa54f1
src/mechanist/TileInfopediaAuthority.java	java	21606	250	207292bb0cf378b77148109a39876486b097deb9b23563df2aaeff2ea25972cf
src/mechanist/TileSemanticAssetAuthority.java	java	11232	256	fc4fe6efc0d1d9277fa937bd48002f9fe00d7731c1dd547f165bf53fe4c2dc9b
src/mechanist/TraderTradeActionAuthority.java	java	4667	84	600472ab30b4db87c025a6bd13231def1be20b23ddf45ae829597ff86675cec0
src/mechanist/TreeCanvasPanel.java	java	9404	232	bc6a1b293d145e0c1b20cd6a5f500f162aea9c89fdd9aa88d6419432e8900a70
src/mechanist/UiHoverHelpPainter.java	java	1888	42	de93b1454c218d2214337dd94ba6c66f50e948ee193430ea49598c362df1c208
src/mechanist/UiModalButtonController.java	java	1651	38	82ed1bb0556e05c9bbdb8ea1075c1c8440ce37122b0998e97d45a65292231cb5
src/mechanist/UiRuntimeSupportFramework.java	java	21366	428	e8dfa27dd28fee009268593a42b26106e1341843cf6efc64a443aa3c5a1c6a13
src/mechanist/UiTextSurfacePainter.java	java	4208	98	722dcb1fe930bae08b07b8d4640b627a161dc806cb2ee0b447d2e16fcf184664
src/mechanist/UniversalManagementWindowAuthority.java	java	3539	49	f3098f7de43024ec3f42508282799e88b6cafd0c53d66c9086bdf150aa1fbb56
src/mechanist/UniversalWindowAuthority.java	java	11140	234	0343b8f3a42b66b3880f45eb51036c1030231cbbbe42d29b27c51540f78ecb6c
src/mechanist/UserProfileAuthority.java	java	6921	144	7b662c271d9b2592c93fcae9143a13ae4c845bd4fd4986c41eb2921a690d1a26
src/mechanist/VisualJuiceFramework.java	java	27726	593	5c8c63c2870ef0182ab84b4bb2e42c7a221acf9779e804ca0280d6d4e80e166e
src/mechanist/VisualLightingAuthority.java	java	14935	272	9e4d33715bd652ffe01c8ae2acf7fa475f6a42583eb624f7cf8ed38e5451df5e
src/mechanist/WasteNewsprintScavengeAuthority.java	java	8117	133	ebcc09eea9b43263ecc5b3e5035d6f7c31d4d3e10000594e37585f68527df190
src/mechanist/WindowsLaunchHealthCheck.java	java	6840	149	9033443dda6494294f22c0c5020855376441de75e063b09e724b905131f2de61
src/mechanist/WorldCommandRequest.java	java	9258	171	8fd519b1bbaf511ec2584a27196e74922a9942537a60edd6d4ec91262c8f447a
src/mechanist/WorldCommandRuntimeContext.java	java	3870	80	209d10ffadc29cd0904956e2bfdac0eaf76c407a7e02b1fbedfa163ccd1d62d3
src/mechanist/WorldEconomyInitializationAuthority.java	java	8359	153	23365f5411752d509f63dc4dacab9ce9480a2102e9fc49538013d8e91ba3c590
src/mechanist/WorldGenerationPipelineRunState.java	java	315	13	15ff98af99dfcbea029f03cef856a62ef4ef7a6958a406cf309a8145811f561a
src/mechanist/WorldRuntimeGenerationFramework.java	java	390052	8163	639df29f87a6227fcf6a0e3204a2f5daaf8d64900641a06a4ea3f9442fbd2b15
src/mechanist/WorldSimulationClock.java	java	5605	115	d1f0ee2f10a4898f6b07a3549c7e6c72d7dd4061cb23cb410274c7616db1ff47
src/mechanist/WorldSimulationFramework.java	java	134755	1800	c92f2d4b0fa09ff7479cf1e7cabf3df6adec925744f8f887f93eb22629b63aaf
src/mechanist/WorldSnapshot.java	java	9777	189	17df50245f10b7ae604cfb50ba94f298fb969dae4817c8a5cb86ac582c0d9d91
src/mechanist/WorldTurnManager.java	java	2874	74	33e77d0c67d023b0d93e16fabf62c9cdaf148433328fac1948851a768f537004
src/mechanist/ZoneEconomyInitializationManager.java	java	495	11	be7bf8a97cb41e2428236273320d74f9e5aecd6b4e9b5251e9ed49f05520df76
src/mechanist/ZoneFactionStockTracker.java	java	3140	59	e2f38b89d6f22a5c2055cd482739ac178e7d14be3dfbd79c74084fb7e48c8490
src/mechanist/ZoneFixturePlacementManager.java	java	425	11	eb77072f2645767c1cf2cd69c84a618d9e3bf29e927d4fb45d1254c4fc546230
src/mechanist/ZoneGenerationContext.java	java	14790	396	e57429126fb35e3ef44db045b22fa69a142871f83f405c0c243c2a5647693109
src/mechanist/ZoneGenerationManager.java	java	1018	24	ebf183fdbeb90469b5393dfd23335554389efe9e673bbcdf37479d6c15862eff
src/mechanist/ZonePopulationTracker.java	java	2014	50	e1357f6296bc75a704da93103831441ec12da00a71e8c031fc3d3c21b7b3e571
src/mechanist/ZoneProductionTracker.java	java	2225	44	462dc8ca6834b5b23bac3c945bc725d7f191cb2f429537c79e3fb8f80296a2eb
src/mechanist/ZoneType.java	java	5046	67	33202c36d871d5ccf5847be88706fec6192b26617676fc8facd7cda969ee91c5
src/mechanist/assets/AssetManager.java	java	12458	320	442bfcedc124c490b10c9d202e094f66a16538c112f36c7e92d5d8be9bfbf408
src/mechanist/assets/AssetMetadata.java	java	2384	63	5fba7e54ee69ab5e75efb2e8093dad9032019d611353c42a6810db726b450cfb
src/mechanist/assets/AssetQualityTier.java	java	1101	34	d025dc296755d524d8b7075f609d4027b9e6130d71dca45c930f2b1f0712cccd
src/mechanist/assets/AssetRegistry.java	java	9788	233	3072a348ad3ca1cba99983b63b5733b87f897920a516ae542d9794cfba945c86
src/mechanist/assets/AssetType.java	java	1564	56	1f3353c0bdcd186b77d03c68ad6f326e5eb2064c4a5fc1afffabbb82fa67de9c
src/mechanist/assets/GeneratedAssetPathResolver.java	java	2359	49	8fbbc846f8030fcf2a0eb1247c29c128ed63aa586e214f3e1dbd3c281b244a1f
src/mechanist/assets/GeneratedAssetRuntime.java	java	12821	276	1bbdf26f84f1eed6956232e14bae5da2e03c1763f141ad8e5f5fd5cfc03bf3d1
src/mechanist/assets/GraphicsPackage.java	java	1162	38	191d3ce4d9a6986ccdf583bbdb81845535b372800cc045c6d42d24c0f49f3b9b
src/mechanist/assets/GraphicsPackageRegistry.java	java	4434	109	5aa93acc7abd8001b4cdd38424fb8cfa285e2384d71a385ba09579dcda86daf4
src/mechanist/assets/SemanticAssetPathAudit.java	java	13454	302	ed62537a567c3e7ae03eb899f540e7e19a6286245c8bedb0900c06f7c93b30d9
src/mechanist/assets/SemanticAssetReference.java	java	1229	32	283100011415e5fb8bd9c74c4d29e0b1814ba5868c81e22b09deb92f859a62f1
src/mechanist/assets/SemanticAssetResolver.java	java	6097	125	9af5c0464e70bc12d5685a3ea156ee527ed20ceceb6a1a25f210b5e63577d626
src/mechanist/input/GenericControllerInput.java	java	1650	43	5d546d269fcaff4d91cf7a83cf7d23328f8633a3cbb3ce45a290691bf6ba62f2
src/mechanist/input/InputDevice.java	java	425	20	d0c3d7fcf40688977b61b62b015a32a29bd932e70ec8a2e193ebbbd8dbf0dd9b
src/mechanist/input/InputToken.java	java	4150	103	00a7276d78d2ff11a3f2bb86f4867c7b2cf27123dfe96fafea55f6b09909656c
src/mechanist/input/KeyBind.java	java	879	24	528e722d4947fb085bc9a77a60a94e6b6fef32f2e56f9be7976a1561def45af9
src/mechanist/input/KeyBindingManager.java	java	9236	202	a5be790d464ad9c76c2f5302558191dc22bf9a88604e37809439b0979acefdb0
src/mechanist/launcher/LauncherFallbackProfileAuthority.java	java	5927	131	20421fbab83bf9cefee5d4ce60423068bd8f3c7577d5b919d187debd6a9b227b
src/mechanist/launcher/LauncherServerJoinIdentityBridge.java	java	4451	84	f7db1487b55cca81605b2b4eaf4f46b07520e70a72c7fadee66307fddcafe3fb
src/mechanist/launcher/LauncherWrapperDetector.java	java	5086	129	35245e21df609f552086b2666d3be2f331e7dd5bc123c89801be153377e396ec
src/mechanist/launcher/ThinLauncherMain.java	java	5991	112	b2257d49c8d2ceac4a0c1da052ef6d0a6fb3d265ed88676a21c43c5fad09b69c
src/mechanist/modapi/AlignmentVector.java	java	480	12	5da862d6f3aba1db311d26bbe7e5eef259acbb61436ff61e63cc4d349d62420c
src/mechanist/modapi/DiplomacyChange.java	java	498	12	59e03a4fc7785853ac7cd73a5101403f2792a98472b8049b71528bc87f18a963
src/mechanist/modapi/DiplomaticSignal.java	java	221	11	8ea21c8a5583e578a2d82128aba8a578fdae637c434f5ff3005f0fd6616caab8
src/mechanist/modapi/FactionProfile.java	java	2626	47	9d82af4fef68b1698c9592b56f53ae4969131758bdd6216e2f9133d828ce7de4
src/mechanist/modapi/ItemTemplate.java	java	2534	47	cb5bb0b8d9c2ce2e21e98124500b1e4f01528606144af9b4173ed3406e538f56
src/mechanist/modapi/LoreDatabase.java	java	1610	35	6c196ea15e6ca2044dedba0bcf71cafdb08e9e4a5ac4b11a022d43014538c840
src/mechanist/modapi/LoreEntry.java	java	700	14	5e069c3448ed31e6993c1d09f85cd4a292a253c7f0710ad30b93bb411ff269b1
src/mechanist/modapi/LoreQuery.java	java	242	8	c1c0ac888648d0dbaa5a6ebdda43b6e5b65d750fac44facfab1a01e9823930c0
src/mechanist/modapi/ModIntegrationHook.java	java	2377	23	40b6dcac002772c370e122cc93c79acbc5df099a9d2399ae3ead315f7b236188
src/mechanist/modapi/NavigationVector.java	java	745	19	7bc9140881f3febee56f742b2c7243d0ccdc9e4b5c6c6e34af1da49cc03253d1
src/mechanist/modapi/PlacementNode.java	java	354	10	d0d6b30dec2ff1bf64a3b24401897c4207d0858ad710aa5127adf401c02c4599
src/mechanist/modapi/ResearchNode.java	java	708	13	31038ca27983184d86109371b8c3daec2ae39ee2674c064d30b72721c4d37782
src/mechanist/modapi/ResearchTree.java	java	1550	37	7ece7b9ff41fc0efb83595be1a9831224f0a3ff9a416e49b25c7fd09a408cb63
src/mechanist/modapi/RoomDimensions.java	java	229	8	e75404f224be68f43d474b5c63657d9f4f1a8b81661cb535b28ca3601b24a4e6
src/mechanist/modapi/RoomNode.java	java	2874	57	e16f0bbe1213bce4d2d6a97a406e649ec79e25ce8e4a31dcc327606ba6160a45
src/mechanist/modapi/SectorCoordinates.java	java	87	3	fa01827b425fae4f74492b1f813783a674b1777dda1343c39a88be7efa346f16
src/mechanist/modapi/SectorInstance.java	java	2689	55	c0b8df6506d82f298509287f3270c248003fd1cad18a4132a425b3d66ff2836c
src/mechanist/modapi/SimulationContext.java	java	3392	62	fb71a819919ecd53034e2e62a66c0eaa753f18c5043e19a093ecf14a775c96b0
src/mechanist/modapi/SimulationEvent.java	java	1387	12	46c5249f7bc5367540bd841c89c4f29d860650ac363854f40150629565267437
src/mechanist/modapi/SimulationModRuntime.java	java	3058	63	641e3d308019b0d5abb1f23c6ab219c2a9f12f0442c78a1774127f356699ace7
src/mechanist/modapi/examples/AncientXenobiologyKnowledgeMod.java	java	2317	35	4110a1c7e2bc7048917afb4af864aeb6d80ae5ca672c2711c92835529283b6b9
src/mechanist/modapi/examples/AnomalousCosmicSectorMod.java	java	2997	52	7c13237ee2630de3b8a123225c3f763f7a73b9ce4aec980d77dfc6c421c50683
src/mechanist/modapi/examples/CyberneticCollectorFactionMod.java	java	2657	48	84738c7cf9e8117e5e4a5942c19b10677cabb38d6ba784cd0efe0ec06939fafb
src/mechanist/modapi/examples/LocalizedGravityAnchorItemMod.java	java	2141	42	e1daf0a31621729258747d93363fecbd9d707e35a88a90f21e6807f8f7936cbf
src/mechanist/modapi/examples/PrecursorInfopediaMod.java	java	3360	59	4a8f1a8a9c4cbff3285738d164a9e16922078d4cc38a585596e1ec603c04fc4f
src/mechanist/modapi/examples/ReinforcedHydroponicsLabMod.java	java	2478	43	f2fbdf63e4ee2367255234a1a925977e63e5894b2f670b38314b478044f9e357
src/mechanist/net/MultiplayerJoinPanel.java	java	4444	113	7c86f58daa44433054c210a8aafc886bd5322dc603b01f3ba85f58c742a43391
src/mechanist/net/MultiplayerJoinRequest.java	java	1729	40	033821bc8950061ba2a3bc9af30f8a894a09542640a25cb34aa0f32939e29225
src/mechanist/net/StreamSafeTextFields.java	java	3438	75	3e153085937ef1a0281ce6974fffdbb22c2cd6318cebce998a18ed66b01dcae3
src/mechanist/server/admin/ServerAdminConsole.java	java	15186	270	df3237ccb26f97693b2e953bac71fb0ed2df429a0e809a011d69a26346f6b8e2
src/mechanist/server/admin/ServerAdminEvent.java	java	1582	52	50d3671f69ccb5d544318ae29e36f5cb239e0be8256a89c09180c118e67db0bc
src/mechanist/server/admin/ServerAdminLog.java	java	1523	45	b7bae025a796d3933c877e4bedab64bc93bdd98275ba7998612967ecba6c20ac
src/mechanist/server/admin/ServerMaintenanceResult.java	java	1132	36	85e6713accca7a486b84c33cee4909894828b16ddae472066dfb5129468ed0e8
src/mechanist/server/admin/ServerMaintenanceService.java	java	7060	150	7b91ecac14a3fcb23303e61aa8c50872ac99a29df6f8b746e73d3685c54509dd
src/mechanist/server/admin/ServerRestartPlan.java	java	1273	38	d5262f73e75b4ce1d3fb074fc0661f62b8971126b6a39b391ae34c450ed8373d
src/mechanist/server/admin/ServerRuntimeStatus.java	java	2571	54	a34e427d8c70497049d4dfba6ac037d1b9676b9afa5c45f70864a977f56db761
src/mechanist/server/admin/ServerRuntimeStatusProvider.java	java	4941	97	0aba3709bcf4db02f1096bf1bcaf518ca6e0f3397425879fa454642e6d30f053
src/mechanist/server/admin/ServerSafeRestartService.java	java	5180	95	8c924a120f817e7e3cba3419d74057d4631c49e48864da2f3805c3c9a1306a28
src/mechanist/server/admin/ServerUpdateService.java	java	6520	126	8daee3c2a43fe406ea27145182f06e02509285314bad825c30320a500eaf4c38
src/mechanist/server/admin/ServerUpdateStatus.java	java	1826	45	aa0b4caea264e72254d0fe919eb4b7c7c6f0f8570cd1876fd6bbf92700d51e1c
src/mechanist/ui/GraphicsPackageSelectorPanel.java	java	2813	75	95aa78efb74fefcd98f73c814bb05ed5a352c1ceefdce3798567ec6b7ef794ad
src/mechanist/ui/KeybindingRemappingPanel.java	java	12703	309	fec5f0ec892311f0b7b638e0a4b97ed661a26a46acdb4c5f74ae56bd1edebe72
src/mechanist/ui/SquareCommandAction.java	java	1383	38	885d4fffe340e9775ec961c5ad7a0d1b7a094240b04cbb09d2ad096365935c83
src/mechanist/ui/SquareCommandBar.java	java	3172	86	f7a261a303d7404233f246fe50f3ef30c1ef0a292a69abc7892529d16a65d0f1
src/mechanist/ui/SquareCommandBarDemo.java	java	1318	27	322a40c56b8df8cf4e795b9d92e5df8a62402f471d1c0ea6f78597232c2f15b2
